id,frase,sintomas_identificados,diagnostico_sugerido,outras_hipoteses
1,"Há duas horas sinto uma dor no peito muito forte, com suor frio e um aperto que irradia para o braço esquerdo, e não consigo nem terminar de me vestir.",dor no peito; suor frio; irradia para o braço,Infarto Agudo do Miocárdio,Angina (1); Pericardite (1)
2,"Sinto um aperto no peito toda vez que subo escada ou ando mais rápido; começou há três semanas e melhora ao descansar, mas já me fez deixar de caminhar com meus filhos.",aperto no peito; subo escada; ando mais rápido; melhora ao descansar,Angina,Infarto Agudo do Miocárdio (1)
3,"Há duas semanas estou com cansaço constante e com os tornozelos inchados no fim do dia, e preciso dormir com dois travesseiros para respirar melhor; já não tenho energia nem para as tarefas de casa.",cansaço constante; tornozelos inchados; dormir com dois travesseiros,Insuficiência Cardíaca,
4,"Desde ontem sinto o coração disparado e os batimentos irregulares, como se o coração desse pulos, e fico com tontura ao levantar; isso atrapalhou meu trabalho e não consegui dirigir.",coração disparado; batimentos irregulares; tontura,Arritmia Cardíaca,Hipertensão Arterial (1)
5,"Há alguns dias acordo com dor de cabeça na nuca e zumbido no ouvido, e a pressão alta que medi em casa (18 por 11) me deixou preocupado; ando irritado e tenho dormido mal.",dor de cabeça na nuca; zumbido no ouvido; pressão alta,Hipertensão Arterial,
6,"Tive um resfriado na semana passada e agora sinto uma dor no peito que piora ao respirar fundo e ao deitar de costas, e melhora quando me inclino para frente; por isso não consigo dormir direito.",resfriado; dor no peito; piora ao respirar fundo; ao deitar; me inclino para frente,Pericardite,Angina (1); Infarto Agudo do Miocárdio (1)
7,"De repente, há algumas horas, comecei a sentir falta de ar intensa e uma dor ao respirar, logo depois de voltar de uma viagem longa de avião; estou com medo e não consigo ficar em pé sem ofegar.",falta de ar intensa; dor ao respirar; viagem longa,Embolia Pulmonar,
8,"Desde ontem estou com a panturrilha inchada, a perna quente e uma dor na perna que aumenta a cada passo; estive acamado na semana passada depois de uma cirurgia no joelho e agora não consigo trabalhar em pé.",panturrilha inchada; perna quente; dor na perna; depois de uma cirurgia,Trombose Venosa Profunda,
9,"Nos últimos meses desmaiei duas vezes ao carregar peso, sinto muito cansaço ao subir uma ladeira e o médico do posto disse que ouviu um sopro no coração; parei de ir à academia por causa disso.",desmaiei; carregar peso; cansaço ao subir; sopro no coração,Estenose Aórtica,Endocardite Infecciosa (1)
10,"Estou com febre alta há duas semanas, com calafrios e suor noturno, perdi peso sem querer e me sinto muito fraco desde um tratamento dentário que fiz; não consigo mais trabalhar.",febre alta; calafrios; suor noturno; perdi peso; tratamento dentário,Endocardite Infecciosa,
