frase,situacao
sinto dor no peito e falta de ar,alto risco
dor forte no peito que irradia para o braço esquerdo,alto risco
aperto no peito com suor frio e náusea,alto risco
desmaiei de repente e acordei confuso,alto risco
falta de ar intensa mesmo sentado em repouso,alto risco
coração disparado com tontura e quase desmaiei,alto risco
dor no peito que começou há uma hora e não passa,alto risco
sinto pressão forte no peito como se alguém estivesse sentado em cima,alto risco
dificuldade para respirar e lábios arroxeados,alto risco
dor no peito que irradia para a mandíbula e para as costas,alto risco
perdi a consciência por alguns segundos enquanto caminhava,alto risco
batimentos muito irregulares com dor no peito,alto risco
falta de ar súbita depois de uma viagem longa,alto risco
inchaço e dor intensa em uma perna com falta de ar,alto risco
dor no peito ao respirar com febre alta,alto risco
suor frio e mal estar intenso com aperto no peito,alto risco
não consigo respirar deitado e acordo sufocado de madrugada,alto risco
dor esmagadora no peito há mais de vinte minutos,alto risco
tosse com sangue e dor ao respirar,alto risco
pressão arterial muito alta com dor de cabeça forte e visão turva,alto risco
sinto o coração acelerado e dor no peito ao menor esforço,alto risco
desmaio durante exercício com palpitações,alto risco
dor intensa no peito com sensação de morte iminente,alto risco
fraqueza súbita em um lado do corpo e dificuldade para falar,alto risco
falta de ar piorando a cada dia com inchaço nas pernas,alto risco
dor no peito forte e tontura ao levantar,alto risco
palpitações intensas com suor frio e falta de ar,alto risco
sinto queimação forte no peito e dor no braço esquerdo,alto risco
dor no peito que não melhora com repouso,alto risco
lábios e pontas dos dedos azulados com falta de ar,alto risco
sinto o coração falhando e escurece a visão,alto risco
dor torácica intensa com náusea e vômito,alto risco
inchaço nas pernas e cansaço extremo mesmo parado,alto risco
dor aguda no peito que piora ao respirar fundo e febre,alto risco
falta de ar ao falar uma frase curta,alto risco
pulso muito fraco e irregular com tontura intensa,alto risco
dor no peito logo após um esforço intenso e suor frio,alto risco
quase desmaiei duas vezes esta semana ao subir escada,alto risco
aperto no peito em repouso com falta de ar,alto risco
dor forte e repentina no peito com sensação de rasgar,alto risco
febre alta há duas semanas com calafrios e sopro no coração,alto risco
batimentos disparados que não param há várias horas,alto risco
cansaço extremo com falta de ar e tosse com secreção rosada,alto risco
dor intensa no peito que me acordou de madrugada,alto risco
confusão mental e pressão muito baixa com pele fria e suada,alto risco
dor intensa no peito com formigamento no braço,alto risco
falta de ar repentina e dor na lateral do peito,alto risco
não consigo caminhar porque a falta de ar é imediata,alto risco
sensação de desmaio iminente com coração acelerado,alto risco
dor no peito há três dias cada vez mais forte,alto risco
perna inchada e vermelha com dor forte e falta de ar,alto risco
sinto o peito apertado e o braço dormente,alto risco
dor no peito forte e suor frio ao subir uma ladeira,alto risco
meus tornozelos incharam muito e preciso dormir sentado para respirar,alto risco
coração dispara sozinho e fico sem ar,alto risco
dor no peito intensa e dificuldade para respirar desde cedo,alto risco
tontura forte e dor no peito ao levantar da cama,alto risco
sinto falta de ar e dor no peito mesmo sem fazer esforço,alto risco
dor intensa no peito e na mandíbula com sudorese,alto risco
minha pressão está muito alta e sinto dor no peito,alto risco
tive um leve incômodo nas costas,baixo risco
dor de cabeça leve depois de um dia cansativo,baixo risco
um pouco de cansaço depois de uma noite mal dormida,baixo risco
leve dor muscular no ombro depois da academia,baixo risco
nariz entupido e espirros há dois dias,baixo risco
tosse seca leve e garganta irritada,baixo risco
pequena azia depois do almoço,baixo risco
leve incômodo no peito que passou depois de arrotar,baixo risco
dor nas costas por ficar muito tempo sentado no computador,baixo risco
cansaço leve no fim do dia depois de muito trabalho,baixo risco
coceira leve na pele depois de usar um sabonete novo,baixo risco
dor de garganta leve sem febre,baixo risco
alguns espirros pela manhã por causa de alergia,baixo risco
sinto o pescoço duro depois de dormir de mau jeito,baixo risco
dor leve no joelho depois de correr,baixo risco
enjoo leve depois de comer muita gordura,baixo risco
leve tontura que passou depois de beber água,baixo risco
um pouco de falta de ar depois de correr para pegar o ônibus que passou logo,baixo risco
dor de barriga leve que melhorou sozinha,baixo risco
resfriado comum com coriza e tosse leve,baixo risco
olhos cansados depois de passar o dia na tela,baixo risco
pequena dor lombar ao levantar peso leve,baixo risco
dor leve no peito só ao apertar o local depois de bater na quina da mesa,baixo risco
sono atrasado e um pouco de irritação,baixo risco
um pouco de cansaço depois de subir três lances de escada que passou em minutos,baixo risco
ardência leve no estômago depois do café,baixo risco
dor muscular nas pernas depois de caminhar muito,baixo risco
leve dor de cabeça que melhora com água,baixo risco
incômodo leve no peito depois de comer rápido demais,baixo risco
rouquidão leve depois de gritar no jogo,baixo risco
dedo do pé dolorido depois de um tropeço,baixo risco
pequeno inchaço no tornozelo depois de torcer o pé jogando bola,baixo risco
alergia leve com olhos coçando,baixo risco
leve cansaço depois de uma semana estressante,baixo risco
dor leve no ombro depois de dormir de lado,baixo risco
um pouco de tosse com catarro depois do resfriado,baixo risco
gases e barriga estufada depois de comer feijão,baixo risco
leve dor nos pés depois de usar sapato novo,baixo risco
dor de dente leve ao tomar sorvete,baixo risco
leve formigamento na mão depois de digitar por horas,baixo risco
dor de cabeça tensional leve no fim do dia,baixo risco
coriza e espirros por causa do frio,baixo risco
pequena queimação no estômago que melhora com antiácido,baixo risco
cansaço leve que melhora depois de uma boa noite de sono,baixo risco
leve palpitação depois de muito café que passou em poucos minutos,baixo risco
dor leve na panturrilha depois de treinar pernas na academia,baixo risco
incômodo leve na barriga depois de comer muito doce,baixo risco
tosse leve pela manhã por causa da poeira,baixo risco
leve dor lombar depois de passar o dia em pé,baixo risco
mal estar leve com dor de garganta e nariz escorrendo,baixo risco
dor leve nas costas que melhora com alongamento,baixo risco
um pouco de insônia nesta semana por causa do trabalho,baixo risco
me sinto bem e vim apenas para um check-up de rotina,baixo risco
não sinto dor no peito nem falta de ar e vim apenas fazer exames de rotina,baixo risco
leve dor de ouvido depois de nadar,baixo risco
pequeno corte no dedo ao cozinhar,baixo risco
irritação leve na garganta por causa do ar condicionado,baixo risco
leve cansaço depois de uma caminhada longa mas me recupero rápido,baixo risco
acordei com o pescoço torto e leve dor ao virar a cabeça,baixo risco
leve dor no peito que aparece só quando aperto a costela depois de tossir muito,baixo risco
